"Mobiliteit: per verplaatsing, verplaatsingskenmerken, motieven, regio's"
"Populatie: Populatie: 6 jaar of ouder"
"Marges: Waarde"
"";""
"";"Onderwerp";"Gemiddelde afstand per verplaatsing";"Gemiddelde afstand per verplaatsing";"Gemiddelde afstand per verplaatsing";"Gemiddelde afstand per verplaatsing";"Gemiddelde afstand per verplaatsing";"Gemiddelde afstand per verplaatsing";"Gemiddelde afstand per verplaatsing";"Gemiddelde afstand per verplaatsing";"Gemiddelde reisduur per verplaatsing";"Gemiddelde reisduur per verplaatsing";"Gemiddelde reisduur per verplaatsing";"Gemiddelde reisduur per verplaatsing";"Gemiddelde reisduur per verplaatsing";"Gemiddelde reisduur per verplaatsing";"Gemiddelde reisduur per verplaatsing";"Gemiddelde reisduur per verplaatsing"
"";"Regiokenmerken";"Nederland";"Nederland";"Noord-Holland (PV)";"Noord-Holland (PV)";"Zeer sterk stedelijk";"Zeer sterk stedelijk";"Niet stedelijk";"Niet stedelijk";"Nederland";"Nederland";"Noord-Holland (PV)";"Noord-Holland (PV)";"Zeer sterk stedelijk";"Zeer sterk stedelijk";"Niet stedelijk";"Niet stedelijk"
"";"Perioden";"2019";"2023";"2019";"2023";"2019";"2023";"2019";"2023";"2019";"2023";"2019";"2023";"2019";"2023";"2019";"2023"
"Verplaatsingskenmerken";"Reismotieven";"reizigerskilometers";"reizigerskilometers";"reizigerskilometers";"reizigerskilometers";"reizigerskilometers";"reizigerskilometers";"reizigerskilometers";"reizigerskilometers";"minuten";"minuten";"minuten";"minuten";"minuten";"minuten";"minuten";"minuten"
"Totaal ";"Totaal";"13,29";"11,76";"12,67";"10,96";"12,11";"10,57";"15,68";"13,78";"27,46";"27,05";"29,62";"28,49";"29,55";"29,29";"28,06";"26,73"
"Totaal ";"Van en naar het werk";"19,26";"18,33";"18,32";"16,65";"17,26";"16,35";"22,01";"19,46";"29,92";"29,26";"33,08";"31,03";"32,46";"31,86";"27,74";"26,19"
"Totaal ";"Zakelijk, beroepsmatig";"30,56";"26,44";"29,36";"24,22";"27,80";"22,91";"31,44";"26,69";"37,15";"34,31";"38,69";"33,75";"38,68";"34,01";"36,07";"32,59"
"Totaal ";"Winkelen, boodschappen doen";"5,75";"5,23";"4,99";"4,76";"4,31";"3,95";"7,90";"6,74";"15,11";"14,62";"15,47";"15,28";"15,48";"15,21";"16,07";"13,82"
"Totaal ";"Onderwijs volgen, cursus, kinderopvang";"9,25";"9,03";"8,33";"8,07";"7,54";"7,15";"13,21";"13,73";"23,36";"24,33";"23,61";"24,13";"22,37";"24,28";"30,35";"29,15"
"Totaal ";"Visite, logeren";"21,41";"19,34";"22,25";"18,92";"24,55";"22,16";"21,09";"20,40";"29,84";"28,58";"35,69";"30,64";"37,59";"36,40";"28,56";"28,03"
"Totaal ";"Uitgaan, sport, hobby";"13,09";"12,63";"12,57";"12,03";"11,52";"11,22";"15,02";"14,64";"28,99";"29,65";"31,64";"32,14";"31,35";"32,46";"29,31";"26,97"
"Totaal ";"Toeren, wandelen";"9,52";"7,12";"10,25";"6,95";"8,78";"6,91";"10,03";"7,35";"69,25";"58,51";"76,41";"64,05";"77,48";"67,24";"67,21";"58,41"
"Verplaatsing op zondag";"Totaal";"18,33";"14,52";"17,16";"13,98";"17,31";"13,53";"23,17";"15,97";"36,66";"34,11";"41,56";"35,93";"40,27";"36,44";"43,14";"33,72"
"Verplaatsing op zondag";"Van en naar het werk";"15,43";"13,58";"15,79";"14,56";"13,77";"9,86";".";".";"26,07";"24,01";"32,09";"25,96";"27,23";"28,36";".";"."
"Verplaatsing op zondag";"Zakelijk, beroepsmatig";".";"23,36";".";".";".";".";".";".";"40,53";"32,00";".";".";".";".";".";"."
"Verplaatsing op zondag";"Winkelen, boodschappen doen";"7,55";"6,60";"5,95";"7,53";"4,70";"5,50";"14,51";"10,14";"16,95";"16,15";"16,09";"17,73";"16,00";"17,32";"22,01";"16,36"
"Verplaatsing op zondag";"Onderwijs volgen, cursus, kinderopvang";".";"13,90";".";".";".";".";".";".";"25,30";"23,88";".";".";".";".";".";"."
"Verplaatsing op zondag";"Visite, logeren";"28,19";"23,53";"31,47";"21,25";"32,18";"27,37";"27,48";"20,51";"33,98";"30,88";"41,84";"32,80";"42,93";"40,01";"32,78";"26,17"
"Verplaatsing op zondag";"Uitgaan, sport, hobby";"17,67";"15,68";"18,39";"17,24";"17,35";"15,43";"17,77";"16,44";"33,45";"34,21";"38,66";"38,28";"37,96";"37,27";"34,65";"29,82"
"Verplaatsing op zondag";"Toeren, wandelen";"14,50";"9,02";"12,94";"9,01";"14,03";"7,69";"16,13";"9,98";"92,44";"69,88";"112,33";"75,65";"104,19";"75,16";"100,73";"75,46"
"Verplaatsing op maandag";"Totaal";"12,41";"11,21";"12,67";"10,05";"10,97";"9,91";"15,06";"13,93";"25,64";"26,11";"28,92";"26,69";"27,00";"27,83";"26,86";"26,32"
"Verplaatsing op maandag";"Van en naar het werk";"19,86";"18,66";"19,34";"16,43";"18,18";"16,39";"20,57";"22,73";"30,55";"29,64";"33,87";"30,46";"32,37";"31,54";"26,50";"29,26"
"Verplaatsing op maandag";"Zakelijk, beroepsmatig";"30,77";"26,22";"31,98";"16,77";"30,93";"25,16";".";".";"35,86";"33,43";"40,25";"27,76";"39,15";"35,20";".";"."
"Verplaatsing op maandag";"Winkelen, boodschappen doen";"4,71";"4,63";"3,54";"4,61";"3,22";"3,43";"7,48";"6,01";"13,70";"13,79";"12,80";"13,97";"13,73";"14,08";"15,30";"12,02"
"Verplaatsing op maandag";"Onderwijs volgen, cursus, kinderopvang";"8,86";"8,90";"8,41";"6,85";"7,18";"5,95";"11,48";".";"22,27";"24,32";"23,83";"21,71";"22,27";"23,05";"26,37";"."
"Verplaatsing op maandag";"Visite, logeren";"16,86";"17,53";"15,58";"21,77";"18,08";"23,27";".";".";"26,96";"27,57";"31,76";"30,44";"32,66";"37,88";".";"24,84"
"Verplaatsing op maandag";"Uitgaan, sport, hobby";"10,89";"10,77";"13,48";"8,54";"7,97";"8,62";".";"15,80";"26,82";"26,52";"35,49";"26,76";"27,14";"28,24";".";"26,88"
"Verplaatsing op maandag";"Toeren, wandelen";"6,68";"6,01";"8,39";"6,12";"6,43";"6,04";"5,65";"5,87";"57,13";"54,30";"61,20";"63,68";"64,94";"65,52";"53,87";"53,71"
"Verplaatsing op dinsdag";"Totaal";"13,12";"11,37";"11,45";"10,69";"11,30";"9,80";"14,36";"14,00";"26,85";"26,28";"27,07";"27,65";"27,92";"27,55";"26,60";"27,21"
"Verplaatsing op dinsdag";"Van en naar het werk";"21,06";"19,69";"17,95";"19,48";"18,78";"16,86";"24,62";"22,54";"31,39";"30,75";"32,72";"33,60";"33,86";"32,52";"29,48";"28,55"
"Verplaatsing op dinsdag";"Zakelijk, beroepsmatig";"33,82";"26,18";"42,38";"20,40";"26,72";"24,21";".";".";"40,16";"35,88";"49,44";"31,63";"41,30";"37,14";".";"."
"Verplaatsing op dinsdag";"Winkelen, boodschappen doen";"4,79";"4,77";"4,09";"3,76";"3,62";"3,05";"5,45";"5,82";"13,67";"14,55";"13,93";"15,76";"14,24";"14,65";"12,44";"13,75"
"Verplaatsing op dinsdag";"Onderwijs volgen, cursus, kinderopvang";"9,30";"8,99";"6,22";"9,49";"7,15";"8,15";"12,26";"17,55";"23,50";"24,50";"21,80";"24,98";"22,53";"24,24";"30,71";"33,89"
"Verplaatsing op dinsdag";"Visite, logeren";"15,89";"16,49";"17,45";"18,41";"15,96";"18,80";"14,15";".";"26,64";"26,94";"30,16";"28,88";"30,16";"32,00";"25,01";"30,09"
"Verplaatsing op dinsdag";"Uitgaan, sport, hobby";"9,97";"9,05";"5,96";"10,12";"9,54";"6,90";".";"12,72";"26,48";"25,93";"25,33";"30,23";"29,11";"26,84";"27,66";"26,35"
"Verplaatsing op dinsdag";"Toeren, wandelen";"8,62";"5,95";".";"4,40";"7,20";"5,62";"7,14";"5,14";"63,01";"53,08";"60,86";"54,31";"72,23";"61,75";"53,78";"48,10"
"Verplaatsing op woensdag";"Totaal";"12,23";"11,24";"12,10";"10,62";"11,74";"10,02";"13,87";"13,01";"25,85";"25,78";"27,35";"27,24";"28,43";"27,58";"24,76";"24,41"
"Verplaatsing op woensdag";"Van en naar het werk";"18,97";"19,06";"19,64";"17,31";"18,17";"17,73";"21,32";"20,40";"29,89";"30,33";"32,85";"33,52";"33,15";"33,56";"26,69";"26,72"
"Verplaatsing op woensdag";"Zakelijk, beroepsmatig";"31,09";"28,26";"28,46";"28,57";"29,15";"25,17";".";".";"38,79";"34,86";"42,68";"38,52";"39,86";"33,24";".";"."
"Verplaatsing op woensdag";"Winkelen, boodschappen doen";"4,99";"4,62";"3,82";"3,57";"4,51";"3,18";"8,06";"6,79";"14,35";"14,12";"13,95";"14,04";"15,47";"14,80";"19,24";"14,52"
"Verplaatsing op woensdag";"Onderwijs volgen, cursus, kinderopvang";"9,67";"8,96";"10,32";"6,93";"9,04";"6,84";"12,19";"12,68";"24,40";"24,22";"25,46";"24,15";"23,77";"25,40";"27,13";"28,43"
"Verplaatsing op woensdag";"Visite, logeren";"17,86";"15,44";"20,20";"17,54";"24,12";"14,97";".";"15,52";"27,27";"24,40";"33,82";"29,48";"37,23";"28,07";"25,69";"22,01"
"Verplaatsing op woensdag";"Uitgaan, sport, hobby";"9,83";"10,81";"12,00";"9,44";"8,35";"10,48";"9,15";"10,68";"25,21";"27,48";"29,98";"29,75";"27,01";"32,73";"19,29";"21,71"
"Verplaatsing op woensdag";"Toeren, wandelen";"8,10";"6,25";"8,33";"6,47";"6,40";"6,01";"9,47";"6,97";"61,39";"54,45";"68,67";"55,39";"65,21";"58,06";"65,90";"52,17"
"Verplaatsing op donderdag";"Totaal";"12,96";"11,55";"12,68";"10,35";"11,47";"10,41";"15,49";"13,18";"26,27";"26,59";"28,12";"28,64";"26,71";"29,12";"26,65";"25,03"
"Verplaatsing op donderdag";"Van en naar het werk";"20,33";"19,35";"19,32";"16,22";"17,75";"18,45";"22,81";"20,70";"30,57";"30,41";"33,10";"31,61";"32,90";"34,05";"28,22";"26,53"
"Verplaatsing op donderdag";"Zakelijk, beroepsmatig";"31,65";"28,32";"35,48";"22,50";"27,21";"21,97";".";".";"38,49";"36,94";"43,73";"35,75";"39,59";"35,94";".";"."
"Verplaatsing op donderdag";"Winkelen, boodschappen doen";"5,34";"4,92";"5,02";"4,37";"3,65";"3,34";"7,63";"6,05";"14,89";"14,19";"16,07";"14,55";"15,16";"14,10";"16,34";"13,37"
"Verplaatsing op donderdag";"Onderwijs volgen, cursus, kinderopvang";"8,94";"9,35";"9,43";"8,66";"7,48";"8,08";"13,89";"11,43";"23,37";"25,09";"25,65";"25,69";"22,15";"24,32";"32,78";"27,31"
"Verplaatsing op donderdag";"Visite, logeren";"16,76";"16,67";"18,30";"18,48";"20,61";"20,04";".";"14,90";"26,10";"28,23";"30,04";"32,35";"32,84";"39,59";".";"21,68"
"Verplaatsing op donderdag";"Uitgaan, sport, hobby";"10,88";"9,80";"9,26";"9,24";"10,26";"8,94";"12,50";"10,05";"25,80";"27,97";"25,04";"33,02";"26,17";"29,43";"24,78";"24,75"
"Verplaatsing op donderdag";"Toeren, wandelen";"8,05";"6,86";"8,66";"7,50";"6,46";"8,02";"10,89";"6,58";"62,76";"55,11";"69,02";"63,64";"56,30";"67,15";"57,09";"52,58"
"Verplaatsing op vrijdag";"Totaal";"12,46";"10,89";"11,49";"10,19";"11,47";"9,36";"14,92";"12,44";"26,05";"24,70";"28,77";"25,62";"29,29";"27,29";"25,62";"24,12"
"Verplaatsing op vrijdag";"Van en naar het werk";"17,95";"16,91";"16,44";"14,38";"15,04";"13,71";"20,01";"15,79";"29,37";"27,14";"33,76";"26,77";"32,35";"28,73";"27,94";"23,21"
"Verplaatsing op vrijdag";"Zakelijk, beroepsmatig";"26,84";"24,87";"17,01";"31,38";"25,47";"20,19";".";".";"32,63";"30,96";"26,94";"33,80";"34,29";"28,76";".";"."
"Verplaatsing op vrijdag";"Winkelen, boodschappen doen";"5,63";"5,01";"4,52";"4,12";"4,96";"3,88";"6,72";"5,70";"15,05";"14,16";"16,36";"13,87";"16,83";"14,83";"14,71";"12,36"
"Verplaatsing op vrijdag";"Onderwijs volgen, cursus, kinderopvang";"8,64";"7,74";"6,88";"8,25";"6,49";"6,37";"16,97";"9,74";"22,89";"22,32";"20,73";"23,85";"21,04";"23,85";"36,27";"24,65"
"Verplaatsing op vrijdag";"Visite, logeren";"19,40";"16,32";"22,58";"14,36";"21,52";"18,33";"13,26";"21,90";"29,26";"26,42";"39,94";"26,94";"37,62";"33,87";"19,31";"29,74"
"Verplaatsing op vrijdag";"Uitgaan, sport, hobby";"13,84";"13,97";"12,20";"13,26";"11,81";"11,02";"21,90";"16,78";"30,63";"29,73";"32,33";"31,08";"33,08";"31,67";"33,10";"27,92"
"Verplaatsing op vrijdag";"Toeren, wandelen";"7,43";"6,27";"8,38";"6,25";"7,66";"5,66";"6,60";"7,47";"61,41";"54,02";"66,96";"60,52";"75,11";"63,15";"49,91";"53,08"
"Verplaatsing op zaterdag";"Totaal";"13,12";"12,38";"12,67";"11,66";"12,07";"11,77";"15,44";"14,55";"27,88";"27,87";"29,60";"29,74";"30,63";"31,17";"27,96";"28,17"
"Verplaatsing op zaterdag";"Van en naar het werk";"13,68";"12,82";"15,80";"13,08";"10,96";"11,44";".";"9,63";"23,75";"23,66";"31,11";"27,34";"25,68";"25,63";"27,38";"19,86"
"Verplaatsing op zaterdag";"Zakelijk, beroepsmatig";"17,37";"18,76";".";".";".";".";".";".";"29,24";"29,53";".";".";".";".";".";"."
"Verplaatsing op zaterdag";"Winkelen, boodschappen doen";"6,93";"5,98";"6,79";"5,65";"4,96";"4,95";"9,07";"7,67";"16,56";"15,44";"17,42";"16,92";"16,19";"16,40";"16,43";"14,93"
"Verplaatsing op zaterdag";"Onderwijs volgen, cursus, kinderopvang";"18,00";"17,33";".";".";".";".";".";".";"28,18";"34,57";".";".";".";"31,39";".";"."
"Verplaatsing op zaterdag";"Visite, logeren";"23,90";"22,45";"22,50";"19,37";"27,98";"25,13";"25,96";"25,97";"31,61";"31,18";"35,73";"31,36";"40,43";"38,54";"35,44";"35,41"
"Verplaatsing op zaterdag";"Uitgaan, sport, hobby";"15,19";"15,65";"13,29";"13,88";"12,71";"13,84";"16,40";"17,94";"31,19";"32,58";"31,26";"33,45";"34,92";"36,57";"31,98";"28,66"
"Verplaatsing op zaterdag";"Toeren, wandelen";"11,15";"8,90";"12,27";"8,24";"9,87";"8,98";"10,54";"9,09";"77,05";"65,42";"81,31";"71,10";"88,22";"76,84";"71,15";"69,46"
"Bron: CBS"
